Model,Complexity,R² (Log Scale),R² (Original Scale),RMSE (Original Scale),MAE (Original Scale),MAPE (%)
LightGBM,Medium,0.9792067101450028,0.9928433377458822,1149141.8890042873,611647.5942550291,15.046067795445403
XGBoost,Medium,0.9728749472446507,0.9914280605664118,1257644.633435554,712868.7768098717,20.702646942875095
TabNet,High,0.9729245371004849,0.9672709492494196,2457452.31717773,1684617.1682827962,19.44248654665073
Random Forest,Low,0.9822621529769029,0.9384236057263483,3370742.0758229783,2075040.5094378167,15.569423273081162
SVM,Low,0.9363304827152314,0.9000827088126211,4293769.441576171,2214988.4883982767,16.593975492383347
LSTM,High,0.9714866280555725,0.8740231625736562,4821295.447966451,3161191.7385252398,19.933942515522176
Poly Reg,Low,0.8798515524268565,0.8674158071203608,4946115.682040136,2676334.8829645207,25.644553156373817
TCN,High,0.9400452971458435,0.7164218797756579,7233604.414364963,4805004.8742897725,28.33264412987862
