Model,R² (Log Scale),R² (Original Scale),RMSE (Original Scale),MAE (Original Scale),MAPE (%)
XGBoost,0.923789109821167,0.9485837661345358,3080126.3082467197,2112574.6098823054,36.070212212772965
LightGBM,0.9134318512445343,0.9417877352514913,3277371.2751294808,2345404.634409962,42.20523058066335
TabNet,0.9060260086072287,0.9044894602399398,4198015.567591065,3060733.445227948,36.75129124432704
Random Forest,0.8578723307239988,0.7639653496242398,6599427.718636899,4599006.522393058,49.304046111525345
