Model,Complexity,R² (Log Scale),R² (Original Scale),RMSE (Original Scale),MAE (Original Scale),MAPE (%)
LightGBM,Medium,0.9792067101450028,0.9928433377458822,1149141.8890042873,611647.5942550291,15.046067795445403
XGBoost,Medium,0.972340278503523,0.9910233681754195,1286989.7900062099,707219.8451632074,21.223694122965597
TabNet,High,0.9822722196686497,0.9683597474858876,2416230.51871756,1391142.7870284477,13.83548931706398
Random Forest,Low,0.9822621529769029,0.9384236057263483,3370742.07582298,2075040.509437819,15.569423273081165
SVM,Low,0.9375552325538208,0.8987618279030269,4322057.522474736,2354217.4552086815,17.382462623348886
Temporal NN (LSTM),High,0.9767586588859558,0.8813523142378363,4678945.977177929,2924092.240114796,18.16212612916087
Polynomial Regression,Low,0.879851552426754,0.8674158071203509,4946115.682040321,2676334.88296405,25.64455315644819
TCN,High,0.9366270303726196,0.48288485113611157,9768143.37206416,5088261.649186379,28.943856536866818
