Model,Complexity,R² (Log Scale),R² (Original Scale),RMSE (Original Scale),MAE (Original Scale),MAPE (%)
LightGBM,Medium,0.9676896047780708,0.992993766684787,1137000.5974713333,526194.9537442446,29.444286386362396
XGBoost,Medium,0.971655570145857,0.9910007047586052,1288613.4056270418,689637.1881836541,23.37524178193288
TabNet,High,0.9897311740721263,0.9599287187265904,2719161.544382275,1733264.8660980016,12.60173597907744
Random Forest,Low,0.9816519262149702,0.9562919718049808,2839873.5468675615,1651726.5229708848,14.842753126199796
SVM,Low,0.9324370748801728,0.9115062753065407,4040867.707837566,2100528.1673606713,16.06293540082917
Polynomial Regression,Low,0.9098437102927863,0.883983410548066,4626775.6598486295,2447927.90913107,27.438142504041323
TCN,High,0.9606033563613892,0.8633823920801601,5020786.260875202,3227341.6596513605,24.916183127610182
Temporal NN (LSTM),High,0.9744802117347717,0.8494175935870398,5271151.658299811,3348435.264448535,19.387613365028226
