Model,CV_R2,Test_R2_Log,Test_RMSE_Orig
Baseline,,0.8702234535544918,3483191.8965825886
Coarse Tuning,0.7779580441488949,0.9068692543678846,4031979.3817556156
Fine Tuning,0.785006164241563,0.9031879522453687,4354095.711992478
